{
	"name": "ParqDataset",
	"properties": {
		"linkedServiceName": {
			"referenceName": "jsynapse-WorkspaceDefaultStorage",
			"type": "LinkedServiceReference"
		},
		"annotations": [],
		"type": "Parquet",
		"typeProperties": {
			"location": {
				"type": "AzureBlobFSLocation",
				"fileSystem": "output"
			},
			"compressionCodec": "none"
		},
		"schema": [
			{
				"name": "Employee_Id",
				"type": "UTF8"
			},
			{
				"name": "Employee_Name",
				"type": "UTF8"
			},
			{
				"name": "Designation_Name",
				"type": "UTF8"
			},
			{
				"name": "Designation_Id",
				"type": "UTF8"
			},
			{
				"name": "Designation_Id_Int",
				"type": "UTF8"
			},
			{
				"name": "Group_Name",
				"type": "UTF8"
			},
			{
				"name": "Level_Name",
				"type": "UTF8"
			},
			{
				"name": "Department_Name",
				"type": "UTF8"
			},
			{
				"name": "Id",
				"type": "UTF8"
			},
			{
				"name": "Deployable",
				"type": "UTF8"
			},
			{
				"name": "Type",
				"type": "UTF8"
			},
			{
				"name": "Location",
				"type": "UTF8"
			},
			{
				"name": "Category",
				"type": "UTF8"
			},
			{
				"name": "Status",
				"type": "UTF8"
			},
			{
				"name": "Contribution",
				"type": "UTF8"
			},
			{
				"name": "Deleted",
				"type": "UTF8"
			},
			{
				"name": "Sub_Departments",
				"type": "UTF8"
			},
			{
				"name": "ProjectIds",
				"type": "UTF8"
			},
			{
				"name": "AccountIds",
				"type": "UTF8"
			},
			{
				"name": "AccountNames",
				"type": "UTF8"
			},
			{
				"name": "ActiveSowCount",
				"type": "UTF8"
			}
		]
	}
}