{
	"name": "SourceDataset_yby",
	"properties": {
		"linkedServiceName": {
			"referenceName": "jsynapse-WorkspaceDefaultStorage",
			"type": "LinkedServiceReference"
		},
		"annotations": [],
		"type": "Excel",
		"typeProperties": {
			"sheetName": "Resourcing_Details",
			"location": {
				"type": "AzureBlobFSLocation",
				"fileName": "Resourcing_Details.xlsx",
				"fileSystem": "input"
			},
			"firstRowAsHeader": true
		},
		"schema": [
			{
				"name": "Employee_Id",
				"type": "String"
			},
			{
				"name": "Employee_Name",
				"type": "String"
			},
			{
				"name": "Designation_Name",
				"type": "String"
			},
			{
				"name": "Designation_Id",
				"type": "String"
			},
			{
				"name": "Designation_Id_Int",
				"type": "String"
			},
			{
				"name": "Group_Name",
				"type": "String"
			},
			{
				"name": "Level_Name",
				"type": "String"
			},
			{
				"name": "Department_Name",
				"type": "String"
			},
			{
				"name": "Id",
				"type": "String"
			},
			{
				"name": "Deployable",
				"type": "String"
			},
			{
				"name": "Type",
				"type": "String"
			},
			{
				"name": "Location",
				"type": "String"
			},
			{
				"name": "Category",
				"type": "String"
			},
			{
				"name": "Status",
				"type": "String"
			},
			{
				"name": "Contribution",
				"type": "String"
			},
			{
				"name": "Deleted",
				"type": "String"
			},
			{
				"name": "Sub_Departments",
				"type": "String"
			},
			{
				"name": "ProjectIds",
				"type": "String"
			},
			{
				"name": "AccountIds",
				"type": "String"
			},
			{
				"name": "AccountNames",
				"type": "String"
			},
			{
				"name": "ActiveSowCount",
				"type": "String"
			}
		]
	},
	"type": "Microsoft.Synapse/workspaces/datasets"
}